Temp,xCH4,xCO2,xH2S,xH2O,yCH4,yCO2,yH2S,yH2O
20.0,0.0023622874325994,0.0005148581802994,8.839851227054632e-05,0.9971344558748304,0.6821875977857146,0.2646176641560869,0.001906634477352,0.0513881035808463
25.0,0.0021110437133186,0.0003618001965143,8.618870957584289e-05,0.9975409673805912,0.664645371150918,0.26575340439047,0.002080205091639,0.0676210193669621
30.0,0.0018891327261964,0.0002493764754328,8.383158929235653e-05,0.9978776592090782,0.6475508580223015,0.2620406250374534,0.0022537779541895,0.0882547389860553
35.0,0.0016885143763325,0.0001696700175188,8.129274426419119e-05,0.9981605228618844,0.6292663387701679,0.2544236315952037,0.0024239631092379,0.1139860665253902
40.0,0.0015028365681724,0.0001144879441435,7.851572624275989e-05,0.9984041597614411,0.6080827058742013,0.2435221942576509,0.002586023550221,0.1459090763179264
45.0,0.0013271095744677,7.68401294095041e-05,7.541761502341697e-05,0.9986206326810988,0.5822175402069099,0.2296224205990992,0.0027331439157799,0.1855268952782709
50.0,0.0011583824088298,5.1395451996013167e-05,7.189791225471519e-05,0.9988183242269192,0.5502607727506807,0.2129502239616039,0.0028564501302062,0.2340325531575422
55.0,0.0009943518834151,3.424985974484266e-05,6.781448129588495e-05,0.999003583775544,0.5107516194854679,0.1935279338807004,0.0029433514467238,0.2928770951871076
