Temp,xCH4,xCO2,xH2S,xH2O,yCH4,yCO2,yH2S,yH2O
20.0,0.0016736317297388,0.0003465792305966,8.215853538326095e-05,0.9979976305042813,0.6767802679156667,0.2492850958275931,0.0024784992956298,0.0715561369611103
25.0,0.0014893445649329,0.0002399548082262,7.932976898802109e-05,0.9982913708578528,0.656604103625842,0.2466685566527945,0.0026781148120392,0.094149224909324
30.0,0.0013218204442991,0.0001631591816105,7.628035368227521e-05,0.998538740020408,0.634451582070224,0.239944023405435,0.002868603269542,0.1228357912547989
35.0,0.0011665917698167,0.0001094357221723,7.295330021907851e-05,0.998751019207792,0.6087825983688173,0.2296714461849572,0.0030429144939229,0.1586030409523026
40.0,0.0010192097697556,7.253949710388906e-05,6.9242686696196e-05,0.9989390080464444,0.5774668411686663,0.2159526403429423,0.0031902838946215,0.2034902345937719
45.0,0.0008778332963336,4.759886580032194e-05,6.504360366287066e-05,0.9991095242342032,0.5392648792313025,0.199084305866838,0.0032975293634106,0.2584532855384487
50.0,0.0007397567976162,3.08381139447702e-05,6.016412857598352e-05,0.9992692409598624,0.4920558997510094,0.1788396912278444,0.0033439238737164,0.3258604851474718
55.0,0.0006032069711183,1.959364108224547e-05,5.43357158676334e-05,0.9994228636719318,0.4338543859996774,0.1549639424630678,0.0032993376121304,0.4079823339251242
