Temp,xCH4,xCO2,xH2S,xH2O,yCH4,yCO2,yH2S,yH2O
20.0,0.0039840920062407,0.0009918060522244,9.548437584463274e-05,0.9950286175656902,0.6707958905282745,0.2976285040298058,0.0012041638566698,0.0304714415852496
25.0,0.0035521172950512,0.0007150202524792,9.401661064667708e-05,0.9957388458418228,0.6520379466221546,0.3066312227815845,0.0013266366192882,0.0401041939769724
30.0,0.0031938650003865,0.0005021688983249,9.248624233997608e-05,0.9963114798589484,0.6383051385641628,0.3080521272997946,0.0014535496917603,0.0522891844442907
35.0,0.0028867146061724,0.0003469917173617,9.088071767975164e-05,0.996775412958786,0.6272440192486953,0.3037439676428987,0.001584000151898,0.0675280129565079
40.0,0.0026139596435301,0.000237701173909,8.917097977675456e-05,0.9971591682027842,0.6166734378189118,0.2951364510762777,0.0017165808747641,0.0865735302300462
45.0,0.0023652987040696,0.0001624931122374,8.732507272774559e-05,0.9974848831109652,0.605023779682589,0.2834394070520936,0.0018495347141583,0.1097872785511583
50.0,0.0021320187045618,0.0001112882753772,8.528849264882377e-05,0.9977714045274122,0.5904974108410004,0.2691416571485891,0.0019801609169814,0.1384807710934292
55.0,0.0019101685091391,7.666349477711988e-05,8.301090299994577e-05,0.9980301570930836,0.572076511425943,0.2528319038982533,0.0021053391048296,0.173086245570974
