Temp,xCH4,xCO2,xH2S,xH2O,yCH4,yCO2,yH2S,yH2O
20.0,0.0009649790454699,0.0001901162486294,6.970162435881868e-05,0.9988752030815417,0.6504916929764041,0.2278219241812037,0.0035011806936927,0.1182852021487047
25.0,0.0008449859137122,0.0001282023594872,6.573403779073149e-05,0.99906107768901,0.6210019469876161,0.2195708390065139,0.0036951488741684,0.1558320651317017
30.0,0.0007317998041509,8.463026534202196e-05,6.139192509632265e-05,0.9992221780054108,0.585534389081473,0.2073621440067979,0.0038444590860113,0.2033590078257175
35.0,0.0006230691607493,5.467424046679757e-05,5.654753403813508e-05,0.999365709064746,0.5420167437627587,0.1911817130196751,0.0039277270553956,0.2629738161621708
40.0,0.000517025075024,3.445053805355605e-05,5.1024110034686825e-05,0.9994975002768876,0.4883230731078886,0.1708855598615959,0.0039149788604196,0.3369763881700957
45.0,0.0004118666850182,2.0954899875405687e-05,4.454219361211357e-05,0.9996226362214944,0.4217722194670789,0.1460361816968248,0.003760704000876,0.4285308948352223
50.0,0.0003068309512555,1.203959440945943e-05,3.673505044955226e-05,0.9997443944038852,0.3402158730747678,0.1163405020514617,0.0034003764992719,0.5401432483744985
55.0,0.0002004358345233,6.150476139354869e-06,2.6951371044691262e-05,0.9998664623182928,0.240315638478802,0.0810541422462488,0.0027256071420973,0.6760046121328519
