Temp,xCH4,xCO2,xH2S,xH2O,yCH4,yCO2,yH2S,yH2O
20.0,0.0013218294016867,0.0002669483991087,7.716651445944088e-05,0.9984340556847452,0.6682142957138884,0.239965099668503,0.0029085158010408,0.0890120888165677
25.0,0.0011697748448491,0.0001828482487821,7.386198455988921e-05,0.9986735149218088,0.6447076147511577,0.2349135227373116,0.0031154744910777,0.1173633880204527
30.0,0.0010295714346335,0.00012297990303,7.028369510164572e-05,0.9988771649672346,0.6177804623927797,0.2260325351645569,0.0033024128561996,0.1529845895864746
35.0,0.0008974091432987,8.139920084005529e-05,6.633884858360521e-05,0.9990548528072776,0.5854435585022211,0.2135067413904342,0.0034573234844755,0.1976923766228759
40.0,0.0007701267587625,5.301882211360258e-05,6.188758504742202e-05,0.9992149668340764,0.5454770295829855,0.1972706354982433,0.0035628216966909,0.2537895132220802
45.0,0.0006468607060393,3.396717477791494e-05,5.6795700118061535e-05,0.9993623764190648,0.4967652428104682,0.1775631216593642,0.0035978421417169,0.3221737933884508
50.0,0.0005250098532379,2.1228728937504e-05,5.077799157099554e-05,0.9995029834262537,0.4365606411978624,0.1538711757173416,0.0035265000593455,0.4061416830254504
55.0,0.0004032765399407,1.2729274505529964e-05,4.344665517249306e-05,0.9996405475303812,0.3626032997713322,0.1258288799459818,0.0032965072255255,0.5083713130571604
