Temp,xCH4,xCO2,xH2S,xH2O,yCH4,yCO2,yH2S,yH2O
20.0,0.0048819667314091,0.0013201462747377,9.752642511636216e-05,0.9938003605687368,0.6573726069187543,0.3170989223763367,0.0009852904101105,0.0246431802947984
25.0,0.0043315203195846,0.0009634285538708,9.627974924702036e-05,0.9947087713772974,0.6358919490853769,0.3306979832450408,0.0010882929719469,0.0324217746976352
30.0,0.0038911826339068,0.0006817820242622,9.499670116990696e-05,0.9954320386406608,0.6219388155384054,0.3347480112725335,0.0011959144881294,0.0422172587009317
35.0,0.003525094479807,0.0004734294620702,9.367144553640176e-05,0.9960078046125862,0.6125752943594219,0.331685846506988,0.0013076941421139,0.054531164991476
40.0,0.0032083526089072,0.0003256079577804,9.228420162639973e-05,0.9964737552316858,0.605335620136619,0.3235605833841284,0.0014228574443147,0.0697809390349388
45.0,0.0029238410386406,0.0002233540295535,9.08042393719121e-05,0.9968620006924338,0.5981428161001405,0.3117931795130169,0.0015402906810102,0.0886237137058323
50.0,0.0026607455433675,0.0001536615302976,8.91963363601033e-05,0.9971963965899748,0.5893814743485841,0.2973939595151088,0.0016584793495058,0.1116660867867796
55.0,0.002412141754897,0.0001064804054668,8.741927893788596e-05,0.997493958560698,0.577767161260874,0.2810199197721735,0.0017755303587196,0.1395373886082329
