Temp,xCH4,xCO2,xH2S,xH2O,yCH4,yCO2,yH2S,yH2O
20.0,0.0033534456219012,0.00079094233372,9.345173146741928e-05,0.9958621603129112,0.6776842344676204,0.2847160964713629,0.0014129280005658,0.0362867410604508
25.0,0.0029959878210237,0.0005649388798167,9.1766043894567e-05,0.996447307255265,0.6600843337156307,0.2906232742697327,0.0015524622662766,0.047839929748361
30.0,0.0026924307231035,0.0003943105246598,8.999381910197734e-05,0.9969232649331344,0.6458388075075003,0.2901766108226851,0.0016958148406156,0.0623887668291986
35.0,0.0024265723292648,0.0002712061336902,8.811451454576085e-05,0.9973141070224992,0.6328382289572648,0.2848048943673948,0.0018414491097106,0.0806154275656297
40.0,0.0021870500938673,0.0001850853801167,8.609574279505955e-05,0.9976417687832208,0.6192711811006643,0.2756970815522764,0.001987312608275,0.1031444247387842
45.0,0.001965249989769,0.0001259471814407,8.38871948999354e-05,0.9979249156338902,0.6033496079437968,0.2635618033421297,0.0021304554253244,0.1310581332887492
50.0,0.0017560407629976,8.580796873344368e-05,8.143275246278505e-05,0.998176718515806,0.5837479729484906,0.2489638116704891,0.002267128012382,0.1651210873686381
55.0,0.0015553231069812,5.86630323268275e-05,7.865193289853722e-05,0.9984073619277932,0.5590696367755605,0.2321093893831826,0.0023920825381078,0.2065288913031739
