Temp,xCH4,xCO2,xH2S,xH2O,yCH4,yCO2,yH2S,yH2O
20.0,0.0051679499848435,0.0014371274684762,9.8032965717188e-05,0.9933968895809632,0.6523213917613314,0.3236822105455327,0.0009289281673233,0.0231674695258123
25.0,0.0045763854820358,0.0010527278843194,9.684170951185904e-05,0.9943740449241328,0.6297854903818196,0.3388188179413729,0.0010266676983627,0.0304690239784446
30.0,0.0041085460171758,0.0007465532397123,9.562041236568534e-05,0.9951492803307462,0.615576204673442,0.3436952196582707,0.0011290079293285,0.0396995677389585
35.0,0.0037235141892418,0.000519042746082,9.436540795998992e-05,0.995763077656716,0.6065545708159436,0.3409652272570701,0.0012355457424546,0.0513446561845319
40.0,0.0033935185652092,0.0003573421700975,9.306014847197885e-05,0.9962560791162212,0.6001959184063401,0.3329473284318635,0.0013456666209853,0.0656110865408396
45.0,0.0030987043661299,0.0002453206925279,9.167378905967968e-05,0.9966643011522824,0.594230924920614,0.3210948251404967,0.0014583740165184,0.0833158759223707
50.0,0.002827137115525,0.0001689334554703,9.017390873852396e-05,0.997013755520266,0.5870431252900358,0.3065525013109764,0.0015724261307906,0.1049319472681973
55.0,0.0025708319687058,0.0001171905077314,8.852078372708036e-05,0.9973234567398356,0.5772370480618153,0.2899867818378784,0.0016861108380135,0.1311900592622923
